Quantity,name,Question
1,Question23,What enhances the _ _ ?
1,Question1,How can we work on the _ _ ?
1,Question2,What is the _ _ motivated by?
1,Question3,What turns the _ _ on?
1,Question4,What does the _ _ make you think of?
1,Question5,What contributes to _ _ ?
1,Question6,How would you introduce _ _ to your grandparent?
1,Question7,How would you describe the _ _ to your child?
1,Question8,The _ _ is defective; what do you say when you return it?
1,Question9,How does _ _ grow?
1,Question10,How does the _ _ make your day different?
1,Question11,You receive a _ _ from your partner as a gift. How do you thank them? 
1,Question12,You find a _ _ in your partner's sock drawer. How do you respond?
1,Question13,Your partner wears a _ _ on a date. How do you compliment them? 
1,Question14,What's your first step in creating your own _ _? 
1,Question15,You move into a _ _. What do you renovate first? 
1,Question16,Your garden is overflowing with _ _. What is your next step? 
1,Question17,Your vacation involves a surprise _ _. What's your reaction? 
1,Question18,Where do you find a _ _? 
1,Question19,Your kid nephew wants to dress up as a _ _. How do you create the costume? 
1,Question20 ,You receive a _ _ in a pot. How do you keep it alive? 
1,Question21,"You see a band poster for ""[Your partner's name] and the _ _s"". Who shows up at their next show? "
1,Question22,You find out your colleagues refer to you as a _ _. How does this make you feel? 
